{"alpha_inv": 18.39072401133303, "max_df": 0.8408675713049063, "min_df": 5, "ngrams": 1}