{"colsample_bylevel": 0.649595938256474, "colsample_bynode": 0.5050703117407964, "colsample_bytree": 0.3894574469987975, "gamma": 16.323913321596248, "learning_rate": 0.9858863953337146, "max_depth": 12, "max_df": 0.8162082207337946, "min_child_weight": 9.024171759738659, "min_df": 10.893009876439656, "n_estimators": 131, "ngrams": 1.4225734542421673, "reg_alpha": 45.39774331993235, "reg_lambda": 10.623213361368874, "subsample": 0.991615645937092}